year,month,tsunami_event_validity,tsunami_cause_code,earthquake_magnitude,country,location_name,latitude,longitude,tsunami_intensity,total_deaths,total_damage_millions,total_houses_destroyed,total_injuries
1802,December,4.0,1.0,6.6,Japan,NW. HONSHU ISLAND,37.7,138.3,,19.0,,1060.0,
1804,January,4.0,1.0,,Spain,ALBORAN SEA,36.833,-2.833,2.0,,,,
1804,July,4.0,1.0,7.3,Japan,NW. HONSHU ISLAND,39.05,139.95,1.0,450.0,,10810.0,
1805,July,4.0,1.0,6.6,Italy,CAMPANIA,41.5,14.467,2.0,,,,
1808,August,4.0,1.0,6.5,Japan,"E. AWA, TOKUSHIMA PREFECTURE",33.9,134.8,0.5,,,,
1810,September,4.0,1.0,6.6,Japan,NW. HONSHU ISLAND,39.9,139.9,0.0,57.0,,1084.0,
1818,February,4.0,1.0,6.0,Italy,EASTERN SICILY,37.6,15.133,3.0,72.0,,,
1819,April,4.0,1.0,8.5,Chile,NORTHERN CHILE,-27.0,-71.5,2.0,,,,
1820,May,4.0,1.0,7.6,Mexico,S. MEXICO,17.2,-99.6,1.5,,,,
1820,December,4.0,1.0,7.5,Indonesia,FLORES SEA,-7.0,119.0,3.5,500.0,,,
1821,January,4.0,1.0,6.5,Greece,IONIAN SEA,37.8,21.3,,,,,
1822,November,4.0,1.0,8.5,Chile,CENTRAL CHILE,-33.0,-72.0,2.0,72.0,,,200.0
1823,November,4.0,1.0,,Martinique (French Territory),SAINT PIERRE,14.4,-61.0,,,,,
1828,May,4.0,1.0,6.4,Japan,AMAKUSA SEA,32.6,129.9,,,,,
1833,November,4.0,1.0,8.3,Indonesia,SW. SUMATRA,-2.5,100.5,2.5,,,,
1833,December,4.0,1.0,7.4,Japan,NW. HONSHU ISLAND,38.9,139.15,2.5,85.0,,1140.0,
1834,February,4.0,1.0,6.4,Japan,W. HOKKAIDO ISLAND,43.3,141.4,1.0,,,73.0,
1835,February,4.0,1.0,8.2,Chile,CENTRAL CHILE,-36.83,-73.03,3.0,53.0,,,500.0
1835,July,4.0,1.0,7.6,Japan,SANRIKU,37.9,141.9,2.0,,,,
1837,November,4.0,1.0,8.5,Chile,SOUTHERN CHILE,-42.5,-74.0,3.0,16.0,,,
1841,May,4.0,1.0,8.4,Russian Federation,KAMCHATKA,52.0,158.0,3.0,,,,
1842,May,4.0,1.0,8.1,Haiti,CAP-HAITIAN,19.75,-72.2,,5300.0,,,
1843,January,4.0,1.0,7.3,Indonesia,SW. SUMATRA,1.5,98.0,2.0,,,,
1843,February,4.0,1.0,8.3,Guadeloupe (French Territory),POINTE-A-PITRE,16.5,-62.2,,5000.0,,,
1843,April,4.0,1.0,8.4,Japan,SE. HOKKAIDO ISLAND,42.0,146.0,2.5,45.0,,75.0,
1846,January,4.0,1.0,7.3,Indonesia,"TERNATE ISLAND, N. MOLUCCAS ISLANDS",2.0,126.5,0.5,,,,
1846,March,4.0,1.0,6.9,Japan,SANRIKU,39.5,142.5,1.0,,,,
1849,September,4.0,1.0,,Russian Federation,KAMCHATKA,55.0,166.0,,,,,
1849,November,4.0,1.0,7.5,Chile,CENTRAL CHILE,-29.95,-71.37,2.5,,,,
1852,November,4.0,1.0,8.3,Indonesia,BANDA SEA,-5.25,129.75,2.5,60.0,,,
1853,July,4.0,1.0,6.7,"Venezuela, Bolivarian Republic of",CUMANA,10.5,-64.2,,1000.0,,,
1854,December,4.0,1.0,8.3,Japan,ENSHUNADA SEA,34.0,137.9,3.0,1000.0,,8900.0,
1854,December,4.0,1.0,8.4,Japan,NANKAIDO,33.1,135.0,2.5,3000.0,,20000.0,
1855,February,4.0,1.0,,New Zealand,WHARANUI,-41.93,174.09,,,,,
1855,November,4.0,1.0,7.0,Japan,ENSHUNADA,34.5,137.6,,,,,
1855,November,4.0,1.0,7.0,Japan,TOKAIDO,35.65,139.8,,6757.0,,50000.0,
1856,August,4.0,1.0,8.0,Japan,SE. HOKKAIDO ISLAND,40.5,143.5,2.0,26.0,,193.0,
1857,May,4.0,1.0,7.0,Indonesia,BALI SEA,-8.0,115.5,2.0,36.0,,,
1857,July,4.0,1.0,6.4,Japan,TOKAIDO,34.8,138.3,,,,,
1859,June,4.0,1.0,7.0,Indonesia,N. MOLUCCAS ISLANDS,1.0,126.5,3.0,,,,
1859,July,4.0,1.0,7.3,Indonesia,N. MOLUCCAS ISLANDS,0.009,125.5,1.5,,,,
1859,October,4.0,1.0,7.6,Chile,NORTHERN CHILE,-27.35,-70.35,2.5,10.0,,339.0,
1860,April,4.0,1.0,7.5,Haiti,ANSE-A-VEAU,18.52,-73.35,,,,,
1861,February,4.0,1.0,8.5,Indonesia,SW. SUMATRA,-1.0,97.5,3.0,1105.0,,,
1861,March,4.0,1.0,7.0,Indonesia,SW. SUMATRA,0.009,98.0,2.0,950.0,,96.0,
1861,April,4.0,1.0,7.0,Indonesia,SW. SUMATRA,1.0,97.5,1.5,,,,
1861,October,4.0,1.0,7.4,Japan,OFF MIYAGI,38.5,142.0,2.0,,,70.0,
1865,November,4.0,1.0,8.0,Tonga,TONGA ISLANDS,-19.5,-173.5,3.0,,,20.0,
1867,May,4.0,1.0,,Norway,WESTERN NORWAY,58.667,6.167,3.0,,,,
1867,September,4.0,1.0,7.1,Greece,"PELOPONNESUS, GREECE",36.4,22.2,4.0,,,,
1867,November,4.0,1.0,7.5,Usa Territory,VIRGIN ISLANDS,18.1,-65.1,,24.0,,,
1867,December,4.0,1.0,7.0,"Taiwan, Province of China",E. CHINA SEA,25.34,121.91,2.0,580.0,,,
1868,April,4.0,1.0,7.9,United States,HAWAII,19.0,-155.5,3.5,77.0,,,
1868,August,4.0,1.0,8.5,Chile,NORTHERN CHILE,-18.6,-71.0,3.5,25000.0,300.0,,
1868,August,4.0,1.0,8.5,Chile,NORTHERN CHILE,-18.6,-71.0,,,,,
1868,October,4.0,1.0,7.6,New Zealand,NEW ZEALAND,-40.2,173.0,,,,,
1872,March,4.0,1.0,7.4,Japan,SW. HONSHU ISLAND,34.9,132.0,1.0,804.0,,5796.0,200.0
1872,August,4.0,1.0,,United States,"FOX ISLANDS, ALEUTIAN ISLANDS, AK",52.2,-168.5,0.0,,,,
1872,,4.0,1.0,,Iceland,ICELAND,,,,,,,
1875,March,4.0,1.0,,Italy,ADRIATIC SEA,44.2,12.4,4.0,,,,
1877,May,4.0,1.0,8.3,Chile,NORTHERN CHILE,-21.5,-70.5,3.5,2385.0,,,
1884,July,4.0,1.0,6.2,Eritrea,OFFSHORE MASSAWA,15.7,39.6,,,,,
1886,September,4.0,1.0,7.3,United States,"CHARLESTON, SC",32.9,-80.0,,,,,
1887,September,4.0,1.0,,Haiti,MOLE SAINT-NICOLAS,19.7,-74.4,,,,,
1888,September,4.0,1.0,6.1,Greece,GULF OF CORINTH,38.2,22.1,,,,,
1889,September,4.0,1.0,8.0,Indonesia,N. MOLUCCAS ISLANDS,1.0,126.25,2.5,,,,
1892,May,4.0,1.0,7.5,Usa Territory,"GUAM, MARIANA ISLANDS",14.0,143.3,0.5,,,,
1892,December,4.0,1.0,6.5,Japan,SW. HONSHU ISLAND,37.0,136.8,0.0,1.0,,2.0,
1893,February,4.0,1.0,6.5,Greece,SAMOTHRACE,40.5,25.5,3.0,1.0,,,
1893,June,4.0,1.0,7.0,Russian Federation,S. KURIL ISLANDS,43.3,147.5,1.5,,,,
1893,June,4.0,1.0,6.9,Japan,"NEMURO, JAPAN",42.5,145.5,1.0,,,,
1894,March,4.0,1.0,7.9,Japan,SE. HOKKAIDO ISLAND,42.5,146.0,1.5,1.0,,,6.0
1894,July,4.0,1.0,6.7,Turkey,MARMARA SEA,40.6,28.7,3.0,,,,
1894,October,4.0,1.0,7.0,Japan,"YAMAGATA, JAPAN",38.9,139.8,-1.0,726.0,,3858.0,
1895,March,4.0,1.0,7.3,Papua New Guinea,SOLOMON SEA,-8.4,150.1,2.0,,,,
1895,May,4.0,1.0,,Chile,NORTHERN CHILE,-18.0,-71.0,,,,,
1896,January,4.0,1.0,7.6,Japan,"KASHIMA, JAPAN",36.5,141.0,-2.5,,,,
1896,June,4.0,1.0,8.3,Japan,SANRIKU,39.5,144.0,3.8,27122.0,,11000.0,13247.0
1896,,4.0,1.0,,Iceland,ICELAND,,,,,,,
1897,February,4.0,1.0,7.4,Japan,SANRIKU,38.1,141.9,,,,,
1897,August,4.0,1.0,7.7,Japan,SANRIKU,38.0,143.7,1.0,,,,
1897,September,4.0,1.0,8.7,Philippines,SULU SEA,6.0,122.0,2.5,13.0,,,14.0
1898,April,4.0,1.0,7.2,Japan,HONSHU ISLAND,38.6,142.0,-3.0,,,,2.0
1899,September,4.0,1.0,8.2,United States,"CAPE YAKATAGA, AK",60.0,-142.0,0.0,,,,
1899,November,4.0,1.0,7.1,Japan,SEIKAIDO,31.9,132.0,-1.0,,,,
1899,November,4.0,1.0,6.9,Japan,SEIKAIDO,32.7,132.3,-2.0,,,,
1900,September,4.0,1.0,6.8,Papua New Guinea,BISMARCK SEA,-4.0,152.0,,,,,
1901,June,4.0,1.0,6.0,Japan,"IWATE, JAPAN",39.0,143.0,,,,,
1901,June,4.0,1.0,7.5,Japan,RYUKYU ISLANDS,28.0,130.3,-1.5,,,,
1901,August,4.0,1.0,7.2,Japan,OFF NORTHEAST COAST HONSHU,40.5,142.5,-0.5,,,,
1901,August,4.0,1.0,7.9,New Caledonia,LOYALTY ISLANDS,-22.0,170.0,,,,,
1901,August,4.0,1.0,7.4,Japan,OFF NORTHEAST COAST HONSHU,40.6,142.3,-1.0,18.0,,8.0,
1901,August,4.0,1.0,6.3,Japan,OFF NORTHEAST COAST HONSHU,40.5,142.5,,,,,
1904,June,4.0,1.0,8.3,Russian Federation,"KAMCHATKA PENINSULA, RUSSIA",52.0,159.0,2.0,,,,
1905,September,4.0,1.0,7.1,Italy,TYRRHENIAN CALABRIA,38.67,16.07,4.0,557.0,,6700.0,2000.0
1905,October,4.0,1.0,5.1,Russian Federation,BLACK SEA,44.5,37.5,2.0,,,,
1906,January,4.0,1.0,8.8,Ecuador,OFF COAST,1.0,-81.5,3.0,1000.0,,,
1906,January,4.0,1.0,,"Venezuela, Bolivarian Republic of",CARACAS,10.5,-66.916,,,,,
1906,February,4.0,1.0,,Ecuador,COLOMBIA-ECUADOR,1.0,-81.0,0.5,,,,
1906,September,4.0,1.0,8.0,Papua New Guinea,SOLOMON SEA,-7.0,149.0,1.5,,,,
1907,January,4.0,1.0,8.2,Indonesia,NW. SUMATRA,2.681,95.53,2.0,2188.0,,,
1907,January,4.0,1.0,6.2,Jamaica,JAMAICA,18.667,-76.237,,1000.0,30.0,,
1907,October,4.0,1.0,5.9,Italy,IONIAN CALABRIA,38.133,16.017,3.0,158.0,,,
1908,September,4.0,1.0,6.8,United States,HAWAII,19.0,-155.0,0.0,,,,
1909,March,4.0,1.0,6.7,Japan,OFF BOSO PENINSULA,34.5,141.5,,,,,
1909,March,4.0,1.0,7.5,Japan,OFF BOSO PENINSULA,34.5,141.5,,,,,
1909,August,4.0,1.0,6.9,Japan,"ANEGAWA, JAPAN",35.4,136.3,,41.0,,976.0,
1909,December,4.0,1.0,8.0,Usa Territory,"GUAM, MARIANA ISLANDS",12.5,145.0,,,,,
1911,June,4.0,1.0,8.0,Japan,RYUKYU ISLANDS,28.0,130.0,1.5,12.0,,422.0,
1913,October,4.0,1.0,7.0,Papua New Guinea,SOLOMON SEA,-7.0,148.0,,,,,
1914,May,4.0,1.0,8.1,Indonesia,NW. IRIAN JAYA,-1.829,136.943,2.0,,,,
1915,November,4.0,1.0,7.8,Japan,SANRIKU,38.3,142.9,0.5,,,,
1916,April,4.0,1.0,7.0,Panama,BOCAS DEL TORO,9.6,-82.0,,,0.025,,
1916,July,4.0,1.0,5.1,Italy,STROMBOLI ISLAND,38.817,15.233,4.0,,,,
1916,August,4.0,1.0,5.9,Italy,CENTRAL ADRIATIC,43.967,12.667,2.0,,,,
1917,May,4.0,1.0,8.0,New Zealand,KERMADEC ISLANDS,-29.2,-177.0,3.0,,,,
1917,May,4.0,1.0,5.8,"Taiwan, Province of China",TAIWAN,23.2,121.6,-0.5,,,,
1917,June,4.0,1.0,8.3,Samoa,SAMOA ISLANDS,-15.5,-173.0,3.0,2.0,,,
1918,August,4.0,1.0,8.3,Philippines,CELEBES SEA,5.5,123.0,2.5,52.0,,,
1918,September,4.0,1.0,8.2,Russian Federation,S. KURIL ISLANDS,45.5,151.5,3.0,23.0,,,7.0
1918,November,4.0,1.0,7.8,Russian Federation,S. KURIL ISLANDS,44.5,151.5,2.0,,,,
1918,December,4.0,1.0,7.8,Chile,NORTHERN CHILE,-26.0,-71.0,2.5,,,,
1919,April,4.0,1.0,8.1,Tonga,TONGA ISLANDS,-18.352,-172.515,1.5,,,,
1921,September,4.0,1.0,7.5,Indonesia,JAVA,-11.0,111.0,-2.0,,,,
1922,November,4.0,1.0,8.7,Chile,NORTHERN CHILE,-28.553,-70.755,2.5,700.0,,,
1923,February,4.0,1.0,8.3,Russian Federation,KAMCHATKA,54.0,161.0,,3.0,1.5,,
1923,April,4.0,1.0,7.2,Russian Federation,KAMCHATKA,56.5,162.5,3.5,18.0,,,
1923,June,4.0,1.0,7.3,Japan,"KASHIMA, JAPAN",35.4,141.8,-1.5,,,,
1923,September,4.0,1.0,7.9,Japan,SAGAMI BAY,35.1,139.5,3.0,142807.0,600.0,695000.0,47000.0
1923,September,4.0,1.0,7.7,Japan,RYUKYU ISLANDS,34.9,140.2,-1.5,,,,
1926,September,4.0,1.0,6.9,Solomon Islands,SOLOMON ISLANDS,-9.674,159.519,1.5,,,,
1927,June,4.0,1.0,6.0,Ukraine,"CRIMEA, BLACK SEA",44.4,34.4,2.0,,,,
1927,August,4.0,1.0,6.9,Japan,SANRIKU,37.9,142.0,,,,,
1927,August,4.0,1.0,6.4,Japan,"KASHIMA, JAPAN",34.2,142.0,,,,,
1927,September,4.0,1.0,6.8,Ukraine,"CRIMEA, BLACK SEA",44.4,34.5,2.0,11.0,,,122.0
1927,November,4.0,1.0,7.3,United States,S. CALIFORNIA,34.813,-120.774,1.0,,,,
1927,December,4.0,1.0,7.5,Russian Federation,KAMCHATKA,55.663,160.039,,,,,
1928,March,4.0,1.0,7.7,Mexico,MEXICO,15.67,-96.1,,,,,
1928,May,4.0,1.0,7.0,Japan,SANRIKU,40.0,143.2,-2.0,,,,
1928,June,4.0,1.0,7.7,Mexico,S. MEXICO,16.028,-97.036,1.0,4.0,,,
1929,January,4.0,1.0,6.9,"Venezuela, Bolivarian Republic of",CUMANA,10.6,-65.6,,50.0,,,800.0
1929,March,4.0,1.0,7.8,United States,"FOX ISLANDS, ALEUTIAN ISLANDS, AK",50.88,-169.71,,,,,
1929,May,4.0,1.0,7.1,Japan,HIUGANADA,31.7,132.2,,,,,
1930,May,4.0,1.0,7.3,Myanmar,MYANMAR COAST,17.3,96.5,,500.0,,,
1930,October,4.0,1.0,5.9,Italy,CENTRAL ADRIATIC,43.667,13.267,4.0,18.0,,,
1930,December,4.0,1.0,6.5,Papua New Guinea,BISMARCK SEA,-1.3,144.3,1.5,27.0,,104.0,8.0
1931,March,4.0,1.0,7.6,Japan,SANRIKU,41.2,142.5,-1.0,,,,
1931,October,4.0,1.0,7.8,Solomon Islands,SAN CRISTOBAL ISLAND,-10.932,161.016,2.5,50.0,,,
1931,November,4.0,1.0,7.1,Japan,SEIKAIDO,32.2,132.1,,1.0,,14.0,
1932,June,4.0,1.0,8.1,Mexico,CENTRAL MEXICO,19.623,-103.919,2.0,400.0,,,120.0
1932,June,4.0,1.0,7.8,Mexico,CENTRAL MEXICO,19.081,-103.631,0.5,,,,
1932,June,4.0,1.0,7.7,Mexico,CENTRAL MEXICO,19.242,-104.383,1.5,75.0,,400.0,100.0
1933,March,4.0,1.0,8.4,Japan,SANRIKU,39.224,144.622,3.5,3022.0,,6000.0,
1933,June,4.0,1.0,7.1,Japan,SANRIKU,38.1,142.4,,,,,
1934,February,4.0,1.0,7.9,Philippines,SOUTH CHINA SEA,17.5,119.0,0.5,,,,
1934,November,4.0,1.0,7.0,Mexico,MEXICO,18.5,-105.5,,,,,
1935,July,4.0,1.0,6.5,Japan,JAPAN,36.6,141.4,,,,,
1935,October,4.0,1.0,7.2,Japan,SANRIKU,39.9,143.7,-1.0,,,,
1935,October,4.0,1.0,7.0,Japan,SANRIKU,40.7,144.3,-2.0,,,,
1936,April,4.0,1.0,7.7,Indonesia,SULAWESI,4.5,126.5,2.0,,,169.0,3.0
1936,July,4.0,1.0,7.3,Chile,NORTHERN CHILE,-24.5,-70.0,0.5,1.0,,,40.0
1936,November,4.0,1.0,7.7,Japan,SANRIKU,38.2,142.2,,,,,
1938,February,4.0,1.0,8.5,Indonesia,BANDA SEA,-5.25,130.5,1.5,,,24.0,
1938,May,4.0,1.0,7.6,Indonesia,MAKASSAR STRAIT,-1.0,120.0,,17.0,,942.0,
1938,May,4.0,1.0,7.1,Japan,JAPAN TRENCH,36.7,141.4,,,,,
1938,May,4.0,1.0,6.1,Japan,E. HOKKAIDO ISLAND,43.6,144.3,,1.0,,7.0,
1938,June,4.0,1.0,7.6,Japan,RYUKYU ISLANDS,25.321,125.115,0.0,,,,
1938,November,4.0,1.0,7.7,Japan,SANRIKU,37.1,141.7,-0.5,1.0,,20.0,
1938,November,4.0,1.0,7.6,Japan,SANRIKU,37.2,141.7,-0.5,,,,
1938,November,4.0,1.0,7.5,Japan,OFF FUKUSHIMA PREFECTURE,37.5,141.8,-0.5,,,,
1938,November,4.0,1.0,7.1,Japan,OFF FUKUSHIMA PREFECTURE,37.0,141.7,-0.5,,,,
1938,November,4.0,1.0,8.2,United States,"SHUMAGIN ISLANDS, AK",55.48,-158.37,,,,,
1938,November,4.0,1.0,6.0,Japan,SANRIKU,37.0,141.5,-1.5,,,,
1938,November,4.0,1.0,6.9,Japan,SANRIKU,36.7,142.1,-2.5,,,,
1938,November,4.0,1.0,7.0,Japan,SANRIKU,37.0,142.2,-3.0,,,,
1939,March,4.0,1.0,6.6,Japan,SEIKAIDO,32.3,132.0,0.0,1.0,,1.0,
1939,May,4.0,1.0,7.0,Japan,NW. HONSHU ISLAND,40.1,139.5,0.0,27.0,,479.0,52.0
1939,May,4.0,1.0,6.7,Portugal,AZORES,37.198,-24.356,1.0,,,,
1939,December,4.0,1.0,7.7,Turkey,SOUTH BLACK SEA,39.77,39.533,4.0,32700.0,20.0,120000.0,100000.0
1940,August,4.0,1.0,7.5,Japan,W. HOKKAIDO ISLAND,44.2,139.5,1.5,10.0,,20.0,
1941,January,4.0,1.0,7.4,Papua New Guinea,BISMARCK SEA,-4.175,152.071,-2.5,4.0,,1.0,
1941,June,4.0,1.0,8.0,India,"ANDAMAN SEA, E. COAST INDIA",11.94,92.626,,,,,
1941,November,4.0,1.0,7.4,Japan,SEIKAIDO,32.0,132.1,0.0,2.0,,27.0,
1941,November,4.0,1.0,7.8,Atlantic Ocean,AZORES GIBRALTAR FRACTURE ZONE,37.301,-18.966,2.0,,,,
1941,December,4.0,1.0,7.6,Costa Rica,COSTA RICA-PANAMA,8.7,-83.2,-3.0,6.0,,,
1941,December,4.0,1.0,6.9,Costa Rica,COSTA RICA-PANAMA,8.5,-84.0,-4.0,,,,
1943,April,4.0,1.0,8.2,Chile,CENTRAL CHILE,-30.75,-72.0,,11.0,,,
1943,June,4.0,1.0,7.1,Japan,SE. HOKKAIDO ISLAND,41.2,143.3,-0.5,,,,
1944,December,4.0,1.0,8.1,Japan,OFF SOUTHEAST COAST KII PENINSULA,34.0,137.1,2.5,1223.0,,29205.0,2135.0
1945,January,4.0,1.0,7.1,Japan,TOKAIDO,34.7,137.2,-0.5,2306.0,,7221.0,896.0
1945,February,4.0,1.0,7.3,Japan,SANRIKU,40.9,142.1,-1.5,2.0,,2.0,
1946,August,4.0,1.0,7.9,Dominican Republic,NORTHEASTERN COAST,19.25,-69.0,,1790.0,,,
1946,August,4.0,1.0,7.5,Dominican Republic,NORTHEASTERN COAST,19.5,-69.5,,75.0,,,
1946,December,4.0,1.0,8.1,Japan,HONSHU: S COAST,33.0,135.6,2.5,1362.0,,11661.0,
1947,May,4.0,1.0,6.9,New Zealand,OFF COAST OF NORTH ISLAND,-38.42,178.88,,,,,
1947,November,4.0,1.0,7.0,Japan,W. HOKKAIDO ISLAND,43.8,141.0,1.0,,,,
1948,February,4.0,1.0,7.3,Greece,"DODECANESE, KARPATHOS IS.",35.64,27.158,4.0,,,,
1948,April,4.0,1.0,7.2,Japan,TOKAIDO,33.1,135.6,-1.0,,,,
1948,April,4.0,1.0,6.5,Greece,IONIAN SEA,38.532,20.427,4.0,2.0,,244.0,45.0
1948,September,4.0,1.0,7.8,Tonga,TONGA TRENCH,-21.0,-174.0,1.5,,,,
1949,January,4.0,1.0,5.9,Russian Federation,KAMCHATKA,54.6,163.5,,,,,
1949,October,4.0,1.0,7.5,Papua New Guinea,SOLOMON SEA,-5.5,154.0,-1.0,,,,
1950,October,4.0,1.0,7.7,Costa Rica,COSTA RICA-NICARAGUA,11.0,-85.0,-2.0,,,,
1950,October,4.0,1.0,7.5,Guatemala,GUATEMALA,14.31,-91.917,-1.0,,,,
1950,December,4.0,1.0,7.5,Mexico,S. MEXICO,16.48,-98.22,,,,,
1951,August,4.0,1.0,6.9,United States,HAWAII,19.5,-156.0,0.5,,,,
1951,October,4.0,1.0,7.3,"Taiwan, Province of China",TAIWAN,23.8,121.7,,68.0,,2382.0,586.0
1952,March,4.0,1.0,8.1,Japan,SE. HOKKAIDO ISLAND,42.15,143.85,2.0,33.0,,2422.0,572.0
1952,March,4.0,1.0,7.0,Japan,SE. HOKKAIDO ISLAND,41.7,143.6,-2.0,,,113.0,17.0
1952,March,4.0,1.0,4.5,United States,HAWAII,19.1,-155.0,0.0,,,,
1952,March,4.0,1.0,7.8,Philippines,"E. OF MINDANO, PHILIPPINES",9.5,127.25,,,,,
1952,November,4.0,1.0,9.0,Russian Federation,KAMCHATKA,52.755,160.057,4.0,10000.0,1.0,,
1953,November,4.0,1.0,7.4,Japan,"KASHIMA, JAPAN",34.0,141.7,1.5,1.0,,,
1953,December,4.0,1.0,7.4,Peru,N. PERU,-3.4,-80.6,0.5,6.0,,200.0,20.0
1954,November,4.0,1.0,6.1,Japan,"MIYAGI, JAPAN",38.9,142.2,-1.0,,,,
1955,April,4.0,1.0,7.1,Chile,CENTRAL CHILE,-30.0,-72.0,1.0,1.0,,,
1956,March,4.0,1.0,6.3,Japan,NE. HOKKAIDO ISLAND,44.3,144.1,-2.0,,,,
1956,July,4.0,1.0,7.7,Greece,CYCLADES,36.664,25.957,5.0,56.0,,,
1957,March,4.0,1.0,8.6,United States,"ANDREANOF ISLANDS, AK",51.292,-175.629,3.0,2.0,,,1.0
1957,July,4.0,1.0,7.9,Mexico,S. MEXICO,16.5,-99.1,0.5,65.0,25.0,,
1958,January,4.0,1.0,7.6,Ecuador,COLOMBIA-ECUADOR,1.5,-79.5,2.0,115.0,,,46.0
1958,November,4.0,1.0,8.3,Russian Federation,S. KURIL ISLANDS,44.53,148.54,2.5,,,,
1959,January,4.0,1.0,6.8,Japan,SANRIKU,37.5,142.2,-2.0,,,,
1959,May,4.0,1.0,8.2,Russian Federation,KAMCHATKA,52.5,159.5,1.0,,,,
1959,August,4.0,1.0,7.3,Solomon Islands,SOLOMON ISLANDS,-7.5,156.0,,,,,
1959,October,4.0,1.0,6.7,Japan,SANRIKU,37.5,143.2,-4.0,,,,
1960,March,4.0,1.0,7.5,Japan,SANRIKU,39.8,143.4,-2.0,,,,
1960,March,4.0,1.0,6.7,Japan,SANRIKU,39.4,143.7,-2.5,,,,
1960,May,4.0,1.0,8.2,Chile,CENTRAL CHILE,-37.872,-73.243,-1.0,,,,
1960,May,4.0,1.0,9.5,Chile,SOUTHERN CHILE,-38.143,-73.407,4.0,2226.0,1000.0,58622.0,3000.0
1960,July,4.0,1.0,6.7,Japan,SANRIKU,40.3,142.5,-3.0,,,,
1961,January,4.0,1.0,6.8,Japan,"KASHIMA, JAPAN",36.0,142.3,-2.0,,,,
1961,January,4.0,1.0,6.4,Japan,"KASHIMA, JAPAN",36.0,141.9,-2.0,,,,
1961,January,4.0,1.0,6.5,Japan,"KASHIMA, JAPAN",36.2,141.9,-2.0,,,,
1961,February,4.0,1.0,6.6,Russian Federation,S. KURIL ISLANDS,43.2,147.9,-0.5,,,,
1961,February,4.0,1.0,7.6,Japan,SEIKAIDO,31.6,131.8,-0.5,2.0,,170.0,7.0
1961,July,4.0,1.0,6.6,Japan,RYUKYU ISLANDS,29.6,131.8,-3.0,,,,
1961,August,4.0,1.0,7.0,Japan,SE. HOKKAIDO ISLAND,42.9,145.6,-4.0,,,,
1961,November,4.0,1.0,6.9,Japan,SE. HOKKAIDO ISLAND,42.7,145.7,-3.5,,,,
1962,April,4.0,1.0,7.2,Japan,SANRIKU,38.073,142.741,-2.0,,,,
1962,April,4.0,1.0,7.0,Japan,SE. HOKKAIDO ISLAND,42.2,143.9,-3.5,,,,
1962,May,4.0,1.0,7.0,Mexico,S. MEXICO,17.2,-99.6,0.0,4.0,,,
1963,February,4.0,1.0,7.3,"Taiwan, Province of China",E. TAIWAN-RYUKYU ISLANDS,24.4,122.1,-2.0,15.0,,,18.0
1963,September,4.0,1.0,6.2,Turkey,MARMARA SEA,40.698,29.159,3.0,1.0,,7.0,
1963,October,4.0,1.0,7.1,Russian Federation,S. KURIL ISLANDS,44.426,149.272,-2.0,,,,
1963,October,4.0,1.0,8.5,Russian Federation,S. KURIL ISLANDS,44.772,149.798,2.5,,,,
1963,October,4.0,1.0,7.9,Russian Federation,S. KURIL ISLANDS,44.772,150.563,3.0,,,,
1964,May,4.0,1.0,6.9,Japan,NW. HONSHU ISLAND,40.3,139.0,0.0,,,,
1964,June,4.0,1.0,7.5,Japan,NW. HONSHU ISLAND,38.65,139.2,2.0,26.0,80.0,2250.0,450.0
1964,July,4.0,1.0,6.8,Russian Federation,S. KURIL ISLANDS,47.159,153.876,-2.0,,,,
1964,December,4.0,1.0,6.3,Japan,NW. HONSHU ISLAND,40.4,138.9,-3.0,,,,
1965,January,4.0,1.0,7.6,Indonesia,SANANA ISLAND,-2.4,126.1,2.0,71.0,,3000.0,
1965,February,4.0,1.0,8.7,United States,"RAT ISLANDS, ALEUTIAN ISLANDS, AK",51.29,178.55,2.5,,0.01,,
1965,March,4.0,1.0,7.6,United States,"RAT ISLANDS, ALEUTIAN ISLANDS, AK",50.32,177.93,-1.0,,,,
1965,June,4.0,1.0,7.2,Russian Federation,S. KURIL ISLANDS,44.7,148.7,-3.0,,,,
1965,July,4.0,1.0,6.5,United States,"FOX ISLANDS, ALEUTIAN ISLANDS, AK",53.03,-167.55,-2.0,,,,
1965,August,4.0,1.0,7.0,Vanuatu,VANUATU ISLANDS,-15.8,167.2,2.5,,,,
1965,August,4.0,1.0,7.8,Mexico,MEXICO,16.3,-95.8,,6.0,,,
1966,July,4.0,1.0,5.5,Russian Federation,BLACK SEA,44.75,37.0,1.0,,,,
1966,October,4.0,1.0,8.1,Peru,CENTRAL PERU,-10.748,-78.638,1.5,110.0,35.0,,3000.0
1966,December,4.0,1.0,7.8,Chile,NORTHERN CHILE,-25.5,-70.7,0.5,3.0,0.4,,6.0
1966,December,4.0,1.0,7.8,Solomon Islands,SANTA CRUZ ISLANDS,-11.893,166.445,1.0,,,,
1966,December,4.0,1.0,7.2,Solomon Islands,SANTA CRUZ ISLANDS,-12.334,166.684,0.0,,,,
1967,July,4.0,1.0,6.6,"Venezuela, Bolivarian Republic of",CARACAS,10.559,-67.33,,300.0,140.0,,1536.0
1967,August,4.0,1.0,6.4,Papua New Guinea,BISMARCK SEA,-4.4,152.5,,,,,
1968,January,4.0,1.0,7.3,Russian Federation,S. KURIL ISLANDS,43.586,146.701,-1.0,,,,
1968,February,4.0,1.0,7.2,Greece,"LEMNOS ISLAND, NORTH AEGEAN SEA",39.368,24.957,3.0,20.0,0.6,500.0,18.0
1968,April,4.0,1.0,7.5,Japan,SEIKAIDO,32.3,132.5,1.0,1.0,,,22.0
1968,April,4.0,1.0,4.6,Italy,LIGURIA-COTE D'AZUR,44.08,8.0,2.0,,,,
1968,May,4.0,1.0,8.2,Japan,OFF EAST COAST OF HONSHU ISLAND,40.8,143.2,2.0,52.0,131.0,1218.0,330.0
1968,May,4.0,1.0,7.5,Japan,OFF COAST OF HONSHU ISLAND,41.5,142.7,-0.5,,,,
1968,June,4.0,1.0,7.2,Japan,SANRIKU,39.4,143.1,0.0,,,,
1968,August,4.0,1.0,7.3,Philippines,E. LUZON ISLAND,16.5,122.2,,270.0,8.0,,261.0
1968,August,4.0,1.0,7.6,Indonesia,N. MOLUCCAS ISLANDS,1.4,126.2,1.0,,,,
1968,August,4.0,1.0,7.8,Indonesia,BANDA SEA,0.2,119.8,2.5,200.0,,800.0,58.0
1968,September,4.0,1.0,6.6,Turkey,BLACK SEA,41.8,32.3,,24.0,,2000.0,200.0
1969,February,4.0,1.0,6.9,Indonesia,MAKASSAR STRAIT,-3.1,118.9,2.0,664.0,,1287.0,97.0
1969,February,4.0,1.0,7.8,Portugal,PORTUGAL,36.017,-10.95,,25.0,,,80.0
1969,April,4.0,1.0,6.5,Japan,RYUKYU ISLANDS,32.2,132.1,-3.0,,,,
1969,July,4.0,1.0,7.4,China,BOHAI SEA,38.2,119.4,,10.0,,15190.0,353.0
1969,August,4.0,1.0,8.2,Russian Federation,S. KURIL ISLANDS,43.6,147.9,2.0,,,,
1969,November,4.0,1.0,7.7,Russian Federation,KAMCHATKA,57.7,163.6,3.0,,,,
1969,December,4.0,1.0,7.2,Guadeloupe (French Territory),GRAND BOURG,15.8,-59.7,,,,,
1970,January,4.0,1.0,7.6,Philippines,PHILIPPINE TRENCH,6.8,126.7,,,,,
1970,March,4.0,1.0,6.0,United States,"ANDREANOF ISLANDS, AK",57.5,-153.9,,,,,
1970,May,4.0,1.0,7.9,Peru,N. PERU,-9.2,-78.8,,66794.0,530.0,,50000.0
1970,July,4.0,1.0,7.0,Japan,SEIKAIDO,32.2,131.7,,,,,13.0
1970,December,4.0,1.0,5.1,Russian Federation,BLACK SEA,43.84,39.34,2.0,,,,
1971,May,4.0,1.0,7.1,United States,"ANDREANOF ISLANDS, AK",51.228,-177.173,-3.0,,,,
1971,July,4.0,1.0,7.8,Chile,CENTRAL CHILE,-32.5,-71.2,0.0,83.0,236.4,,447.0
1971,July,4.0,1.0,7.9,Papua New Guinea,SOLOMON SEA,-5.5,153.9,1.0,3.0,,,5.0
1971,July,4.0,1.0,7.9,Papua New Guinea,SOLOMON SEA,-4.9,153.2,1.5,,,,
1971,August,4.0,1.0,7.3,Japan,JAPAN TRENCH,41.4,143.5,-0.5,,,,
1971,September,4.0,1.0,7.1,Russian Federation,TATAR STRAIT,46.5,141.2,1.0,,,,
1971,September,4.0,1.0,5.5,Russian Federation,TATAR STRAIT,46.7,141.4,,,,,
1971,September,4.0,1.0,6.6,Russian Federation,TATAR STRAIT,46.4,141.1,-3.0,,,,
1971,September,4.0,1.0,6.2,Russian Federation,TATAR STRAIT,46.3,140.9,-3.0,,,,
1971,September,4.0,1.0,6.0,Russian Federation,TATAR STRAIT,46.4,141.1,-4.0,,,,
1971,December,4.0,1.0,7.8,Russian Federation,KAMCHATKA,56.0,163.3,,,,,
1972,January,4.0,1.0,7.5,"Taiwan, Province of China",E. TAIWAN,22.5,122.3,-2.0,1.0,,5.0,
1972,February,4.0,1.0,7.4,Japan,EAST OFF HACHIJO ISLAND,33.3,140.8,0.5,,,,
1972,August,4.0,1.0,7.1,Papua New Guinea,SOLOMON SEA,-6.0,152.9,,,,,
1972,December,4.0,1.0,7.4,Japan,CHICHI JIMA,33.3,140.7,-1.0,,,,
1973,January,4.0,1.0,7.5,Mexico,S. MEXICO,18.48,-103.0,,56.0,,,390.0
1973,February,4.0,1.0,7.2,Russian Federation,N. KURIL ISLANDS,50.5,156.6,0.5,,,,
1973,March,4.0,1.0,7.5,Philippines,QUEZON,13.4,122.8,,15.0,0.45,,64.0
1973,June,4.0,1.0,7.7,Japan,HOKKAIDO ISLAND,43.2,145.8,1.0,,5.0,2.0,27.0
1973,June,4.0,1.0,7.1,Russian Federation,S. KURIL ISLANDS,43.3,146.4,,,,,1.0
1973,June,4.0,1.0,6.6,Russian Federation,S. KURIL ISLANDS,43.2,146.6,,,,,
1973,October,4.0,1.0,6.7,Chile,CENTRAL CHILE,-32.5,-71.5,-1.0,,,,
1974,January,4.0,1.0,7.0,Solomon Islands,SOLOMON ISLANDS,-7.5,155.9,1.0,,,,
1974,February,4.0,1.0,7.1,Solomon Islands,SOLOMON ISLANDS,-7.4,155.6,2.0,,,,
1974,May,4.0,1.0,6.7,Japan,TOKAIDO,34.6,138.7,-2.5,30.0,,134.0,137.0
1974,September,4.0,1.0,6.7,Russian Federation,S. KURIL ISLANDS,43.2,146.7,-1.0,,,,
1974,October,4.0,1.0,8.1,Peru,CENTRAL PERU,-12.27,-77.79,1.0,78.0,10.0,,2414.0
1975,May,4.0,1.0,7.8,Atlantic Ocean,AZORES GIBRALTAR FRACTURE ZONE,35.962,-17.576,,,,,
1975,June,4.0,1.0,7.0,Russian Federation,S. KURIL ISLANDS,43.024,147.734,2.0,,,,
1975,July,4.0,1.0,7.9,Papua New Guinea,SOLOMON SEA,-6.59,155.054,1.0,,,,
1975,October,4.0,1.0,7.6,Philippines,PHILIPPINE TRENCH,12.54,125.993,-1.5,1.0,,30.0,
1975,December,4.0,1.0,7.8,Samoa,SAMOA ISLANDS,-16.265,-172.467,,,,,
1976,January,4.0,1.0,8.0,New Zealand,KERMADEC ISLANDS,-28.427,-177.657,,,,,
1976,January,4.0,1.0,7.0,Russian Federation,S. KURIL ISLANDS,44.915,149.123,-2.5,,,,
1976,February,4.0,1.0,7.5,Guatemala,GUATEMALA,15.324,-89.101,,23000.0,2147.0,,76000.0
1976,August,4.0,1.0,8.0,Philippines,MORO GULF,6.292,124.09,2.5,8000.0,134.0,,10000.0
1977,April,4.0,1.0,7.6,Samoa,SAMOA ISLANDS,-16.696,-172.095,-2.0,,,,
1977,April,4.0,1.0,6.8,Solomon Islands,SOLOMON ISLANDS,-9.828,163.323,-1.0,34.0,,,
1977,April,4.0,1.0,7.6,Solomon Islands,SOLOMON ISLANDS,-9.89,160.348,,,,,
1977,April,4.0,1.0,8.1,Solomon Islands,SOLOMON ISLANDS,-9.965,160.731,-1.5,18.0,,,1.0
1977,June,4.0,1.0,7.2,Tonga,TONGA TRENCH,-22.878,-175.9,,1.0,1.2,,5.0
1977,August,4.0,1.0,8.0,Indonesia,SUNDA ISLANDS,-11.085,118.464,3.0,189.0,1.2,,75.0
1978,January,4.0,1.0,6.6,Japan,TOKAIDO,34.809,139.259,,25.0,,85.0,129.0
1978,March,4.0,1.0,6.7,Russian Federation,S. KURIL ISLANDS,44.026,149.002,-2.5,,,,
1978,March,4.0,1.0,6.6,Russian Federation,S. KURIL ISLANDS,44.14,149.029,-3.0,,,,
1978,March,4.0,1.0,6.8,Russian Federation,S. KURIL ISLANDS,44.209,148.971,-1.5,,,,
1978,March,4.0,1.0,7.5,Russian Federation,S. KURIL ISLANDS,44.932,148.439,0.0,,,,
1978,March,4.0,1.0,7.6,Russian Federation,S. KURIL ISLANDS,44.244,148.862,0.0,,,,
1978,June,4.0,1.0,7.7,Japan,SANRIKU,38.19,142.03,0.5,28.0,865.0,,1000.0
1978,August,4.0,1.0,4.4,Spain,CADIZ,36.37,-6.98,1.0,,,,
1979,February,4.0,1.0,6.4,Japan,"IWATE, JAPAN",40.232,143.703,,,,,
1979,March,4.0,1.0,7.6,Mexico,S. MEXICO,17.813,-101.276,,5.0,30.0,200.0,35.0
1979,April,4.0,1.0,6.9,Montenegro,MONTENEGRO,42.096,19.209,1.0,131.0,2700.0,,1001.0
1979,September,4.0,1.0,7.9,Indonesia,IRIAN JAYA,-1.679,136.04,,115.0,,1000.0,
1979,December,4.0,1.0,7.7,Colombia,"COLOMBIA: OFF SHORE, PACIFIC OCEAN",1.598,-79.358,2.5,600.0,8.0,10000.0,20000.0
1980,January,4.0,1.0,6.9,Portugal,AZORES,38.727,-27.75,1.0,69.0,5.0,15000.0,600.0
1980,February,4.0,1.0,7.0,Russian Federation,S. KURIL ISLANDS,43.53,146.753,-2.0,,,,
1980,June,4.0,1.0,6.2,Japan,HONSHU ISLAND,34.808,139.181,,,,,7.0
1980,July,4.0,1.0,7.9,Solomon Islands,SOLOMON ISLANDS,-12.525,165.916,,,,,
1981,January,4.0,1.0,6.9,Japan,E. HONSHU ISLAND,38.64,142.75,,,,,
1981,February,4.0,1.0,6.7,Greece,ATHENS-EASTERN GULF OF CORINTH,38.222,22.934,3.0,22.0,812.0,8000.0,400.0
1981,May,4.0,1.0,7.6,New Zealand,NEW ZEALAND,-48.786,164.357,,,,,
1981,September,4.0,1.0,7.7,Samoa,SAMOA ISLANDS,-14.96,-173.085,-2.0,,,,
1981,October,4.0,1.0,7.3,Mexico,MEXICO,18.084,-102.084,,3.0,,,28.0
1982,March,4.0,1.0,6.9,Japan,HOKKAIDO ISLAND,42.158,142.361,,110.0,1.0,,100.0
1982,July,4.0,1.0,7.2,Japan,"IBARAKI, JAPAN",36.194,141.702,-1.0,,,,
1982,December,4.0,1.0,7.5,Tonga,KERMADEC ISLANDS,-24.133,-175.864,,,,,
1982,December,4.0,1.0,6.4,Japan,S. OF HONSHU ISLAND,33.826,139.434,-1.0,,,,
1983,March,4.0,1.0,6.9,Indonesia,BANDA SEA,-4.056,127.924,1.5,,,,
1983,March,4.0,1.0,7.9,Papua New Guinea,NEW BRITAIN,-4.883,153.581,,,,,
1983,May,4.0,1.0,7.8,Japan,"NOSHIRO, JAPAN",40.462,139.102,2.0,104.0,800.0,3513.0,324.0
1983,June,4.0,1.0,5.9,Japan,"NOSHIRO, JAPAN",40.249,138.948,,,,,
1983,June,4.0,1.0,6.9,Japan,N. HONSHU ISLAND,41.346,139.099,,,,,
1983,August,4.0,1.0,7.1,Russian Federation,"KAMCHATKA BAY, RUSSIA",55.867,161.287,,,,,
1983,August,4.0,1.0,6.6,Philippines,LUZON ISLAND,18.231,120.86,,16.0,,,47.0
1983,October,4.0,1.0,7.7,Chile,NORTHERN CHILE,-26.535,-70.563,0.2,5.0,1.0,40.0,12.0
1983,November,4.0,1.0,7.7,Uk Territory,CHAGOS ARCHIPELAGO REGION,-6.852,72.11,,,,,
1984,February,4.0,1.0,5.4,Greece,"CORINTHOS GULF, GREECE",38.396,22.094,3.0,,,,
1984,March,4.0,1.0,7.2,Russian Federation,S. KURIL ISLANDS,44.117,148.192,-2.0,,,,
1984,June,4.0,1.0,5.5,Japan,"TORI SHIMA, OKINAWA",31.448,140.036,,,,,
1984,August,4.0,1.0,7.0,Japan,"KYUSHU, JAPAN",32.386,131.945,,,,,9.0
1984,September,4.0,1.0,6.9,Japan,HONSHU ISLAND,34.006,141.5,,,,,
1984,December,4.0,1.0,6.8,Russian Federation,KAMCHATKA,56.194,163.46,,,,,
1985,March,4.0,1.0,8.0,Chile,CENTRAL CHILE,-33.132,-71.708,,180.0,1500.0,,2575.0
1985,March,4.0,1.0,6.4,Guadeloupe (French Territory),GUADELOUPE,17.013,-62.448,,,,,6.0
1985,September,4.0,1.0,8.0,Mexico,MEXICO,18.19,-102.533,,9500.0,4000.0,,30000.0
1985,September,4.0,1.0,7.6,Mexico,MEXICO,17.802,-101.647,,,,,
1986,May,4.0,1.0,8.0,United States,"ANDREANOF ISLANDS, AK",51.52,-174.776,,,,,
1986,October,4.0,1.0,7.8,New Zealand,KERMADEC ISLANDS,-28.117,-176.367,,,,,
1986,November,4.0,1.0,7.8,"Taiwan, Province of China",TAIWAN,23.901,121.574,,15.0,,,50.0
1987,February,4.0,1.0,6.7,Japan,E. HONSHU ISLAND,36.988,141.689,,,,,
1987,February,4.0,1.0,7.4,Papua New Guinea,SOLOMON SEA,-6.088,147.689,,3.0,2.625,,
1987,March,4.0,1.0,7.6,Chile,NORTHERN CHILE,-24.388,-70.161,,1.0,,,
1987,March,4.0,1.0,6.7,Japan,KYUSHU ISLAND,32.034,131.837,,2.0,,,5.0
1987,March,4.0,1.0,5.1,Japan,HONSHU ISLAND,37.447,137.865,,,,,
1987,October,4.0,1.0,7.3,Tonga,TONGA ISLANDS,-17.94,-172.225,,,,,
1987,October,4.0,1.0,7.0,Papua New Guinea,SOLOMON SEA,-7.288,154.371,,,,,
1987,October,4.0,1.0,7.4,Papua New Guinea,SOLOMON SEA,-6.266,149.06,,,,,
1987,November,4.0,1.0,7.2,United States,"GULF OF ALASKA, AK",58.586,-143.27,,,,,
1987,November,4.0,1.0,7.9,United States,"GULF OF ALASKA, AK",58.679,-142.786,,,,,
1988,February,4.0,1.0,7.2,Chile,NORTHERN CHILE,-24.753,-70.433,,,,,
1988,March,4.0,1.0,7.8,United States,"GULF OF ALASKA, AK",57.262,-142.747,,,0.005,,
1988,June,4.0,1.0,5.4,Philippines,NORTH OF LUZON ISLAND,18.606,121.013,,,,,
1988,July,4.0,1.0,6.8,Papua New Guinea,PAPUA NEW GUINEA,-5.964,148.78,,,,,
1988,August,4.0,1.0,7.6,Solomon Islands,SOLOMON ISLANDS,-10.258,160.896,,1.0,,100.0,
1989,May,4.0,1.0,8.1,Australia,MACQUARIE ISLAND,-52.341,160.568,,,,,
1989,September,4.0,1.0,7.1,United States,"SEMIDI ISLANDS, AK",55.543,-156.835,,,,,
1989,October,4.0,1.0,6.9,United States,N. CALIFORNIA,37.036,-121.883,,62.0,5600.0,,3757.0
1989,October,4.0,1.0,6.5,Japan,N. HONSHU ISLAND,39.571,143.333,,,,,
1990,February,4.0,1.0,6.6,Philippines,PHILIPPINES,9.755,124.694,,,0.9,,300.0
1990,February,4.0,1.0,6.4,Japan,JAPAN,34.706,139.252,,,,,
1990,March,4.0,1.0,7.0,Costa Rica,COSTA RICA,9.919,-84.808,,,,8.0,15.0
1990,April,4.0,1.0,7.5,Usa Territory,"MARIANA TRENCH, N. MARIANA ISLANDS",15.125,147.596,,,,,
1990,September,4.0,1.0,6.5,Japan,"W. OF BONIN ISLANDS, IZU IS., JAPAN",33.267,138.643,,,,,
1990,December,4.0,1.0,5.3,Italy,EASTERN SICILY,37.3,15.438,,19.0,500.0,,200.0
1990,December,4.0,1.0,6.3,"Taiwan, Province of China",TAIWAN,23.722,121.627,,,,,
1991,February,4.0,1.0,6.9,Solomon Islands,SOLOMON ISLANDS,-9.929,159.139,,,,,
1991,February,4.0,1.0,5.7,Russian Federation,N. KURIL ISLANDS,48.268,154.328,,,,,
1991,February,4.0,1.0,6.7,United States,"BERING SEA, AK",58.427,-175.45,,,,,
1991,April,4.0,1.0,7.6,Costa Rica,"LIMON, PANDORA",9.685,-83.073,,90.0,510.0,,895.0
1991,October,4.0,1.0,7.2,Solomon Islands,SOLOMON ISLANDS,-9.094,158.442,-2.5,,,,
1992,January,4.0,1.0,3.7,China,SOUTH CHINA SEA,18.0,108.0,,,,,
1992,April,4.0,1.0,7.2,United States,"CAPE MENDOCINO, N. CALIFORNIA",40.368,-124.316,0.5,,66.0,,98.0
1992,May,4.0,1.0,7.3,Philippines,PHILIPPINES,7.191,126.762,,,,12.0,
1992,May,4.0,1.0,7.1,Solomon Islands,SANTA CRUZ ISLANDS,-11.122,165.239,,,,,
1992,July,4.0,1.0,7.0,Japan,HONSHU ISLAND,39.419,143.33,-0.5,,,,
1992,September,4.0,1.0,7.7,Nicaragua,NICARAGUA,11.727,-87.386,2.8,170.0,30.0,1500.0,489.0
1993,February,4.0,1.0,6.3,Japan,HONSHU ISLAND,37.634,137.245,-0.5,,,,
1993,June,4.0,1.0,7.5,Russian Federation,KAMCHATKA,51.218,157.829,-0.5,,,,
1993,July,4.0,1.0,7.7,Japan,SEA OF JAPAN,42.851,139.197,3.1,231.0,1207.0,2374.0,233.0
1993,August,4.0,1.0,6.3,Japan,JAPAN,41.985,139.839,,,,,
1993,August,4.0,1.0,7.8,Usa Territory,"GUAM, MARIANA ISLANDS",12.982,144.801,,,250.0,,48.0
1993,November,4.0,1.0,7.0,Russian Federation,KAMCHATKA,51.934,158.647,-3.0,,,,
1994,January,4.0,1.0,7.0,Indonesia,HALMAHERA,1.015,127.733,1.5,9.0,,,300.0
1994,April,4.0,1.0,6.4,Japan,HOKKAIDO ISLAND,40.608,143.683,-1.5,,,,
1994,June,4.0,1.0,7.8,Indonesia,SOUTH OF JAVA,-10.477,112.835,2.5,238.0,2.2,1500.0,423.0
1994,June,4.0,1.0,6.6,Indonesia,SOUTH OF JAVA,-10.362,112.892,,,,,
1994,June,4.0,1.0,6.1,Indonesia,SOUTH OF JAVA,-10.341,113.369,,,,,
1994,September,4.0,1.0,7.0,United States,N. CALIFORNIA,40.402,-125.68,-3.0,,,,
1994,September,4.0,1.0,6.7,"Taiwan, Province of China",TAIWAN STRAIT,22.528,118.711,,1.0,,,400.0
1994,October,4.0,1.0,8.3,Russian Federation,S. KURIL ISLANDS,43.773,147.321,2.6,11.0,,,382.0
1994,October,4.0,1.0,6.8,Indonesia,HALMAHERA,-1.258,127.98,1.5,1.0,,,52.0
1994,October,4.0,1.0,7.3,Russian Federation,S. KURIL ISLANDS,43.905,147.916,-3.0,,,,
1994,November,4.0,1.0,7.1,Philippines,PHILIPPINE ISLANDS,13.525,121.067,2.1,81.0,3.7,797.0,225.0
1994,December,4.0,1.0,7.8,Japan,"TOHUKU, JAPAN",40.525,143.419,,3.0,170.4,,200.0
1995,January,4.0,1.0,6.9,Japan,"KOBE, JAPAN",34.583,135.018,-2.0,5502.0,100000.0,200000.0,36896.0
1995,April,4.0,1.0,7.4,Samoa,SAMOA ISLANDS,-15.199,-173.529,-1.5,,,,
1995,April,4.0,1.0,7.2,Philippines,SAMAR ISLAND,12.059,125.58,-2.0,,,,
1995,April,4.0,1.0,6.8,Philippines,SAMAR ISLAND,12.047,125.92,-2.0,,,,
1995,May,4.0,1.0,7.7,New Caledonia,LOYALTY ISLANDS,-23.008,169.9,-2.0,,,,
1995,May,4.0,1.0,7.1,Russian Federation,SAKHALIN ISLAND,52.629,142.827,-2.0,1989.0,300.0,,750.0
1995,July,4.0,1.0,8.0,Chile,NORTHERN CHILE,-23.34,-70.294,1.5,3.0,1.791,115.0,58.0
1995,August,4.0,1.0,7.7,Papua New Guinea,SOLOMON SEA,-5.799,154.178,-1.5,,,,
1995,October,4.0,1.0,8.0,Mexico,S. MEXICO,19.055,-104.205,2.5,50.0,,,200.0
1995,October,4.0,1.0,7.1,Japan,RYUKYU ISLANDS,27.929,130.175,1.5,,,,1.0
1995,November,4.0,1.0,6.7,Chile,NORTHERN CHILE,-28.906,-71.417,-3.0,,,,
1995,November,4.0,1.0,7.2,Egypt,GULF OF ELAT-AQABA,28.826,34.799,,11.0,,,47.0
1995,December,4.0,1.0,7.9,Russian Federation,S. KURIL ISLANDS,44.663,149.3,0.5,,,,
1996,January,4.0,1.0,7.9,Indonesia,SULAWESI,0.729,119.931,1.8,9.0,1.2,400.0,63.0
1996,February,4.0,1.0,8.2,Indonesia,IRIAN JAYA,-0.891,136.952,1.8,164.0,4.2,5043.0,432.0
1996,February,4.0,1.0,7.5,Peru,N. PERU,-9.593,-79.587,1.9,12.0,,15.0,57.0
1996,February,4.0,1.0,7.1,Mexico,MEXICO,15.978,-98.07,-3.0,,,,
1996,June,4.0,1.0,7.9,United States,"ANDREANOF ISLANDS, AK",51.564,-177.632,0.5,,,,
1996,June,4.0,1.0,7.3,United States,"ANDREANOF ISLANDS, AK",51.478,-176.847,-1.5,,,,
1996,September,4.0,1.0,5.7,Japan,HONSHU ISLAND,31.555,139.931,-2.0,,,,
1996,September,4.0,1.0,6.9,Chile,EASTER ISLAND REGION,-22.118,-113.436,-2.5,,,,
1996,September,4.0,1.0,6.8,"Taiwan, Province of China",TAIWAN REGION,21.898,121.498,,,,,
1996,October,4.0,1.0,6.6,Japan,KYUSHU ISLAND,30.568,131.093,-2.5,,,,
1996,October,4.0,1.0,6.7,Japan,KYUSHU ISLAND,31.885,131.468,0.5,,,,
1996,November,4.0,1.0,7.7,Peru,S. PERU,-14.993,-75.675,-1.0,14.0,,,560.0
1996,December,4.0,1.0,6.7,Japan,SEA OF JAPAN,31.789,131.314,-2.0,,,,
1997,April,4.0,1.0,7.7,Solomon Islands,SANTA CRUZ IS. VANUATU,-12.584,166.676,-2.0,,,7.0,
1997,September,4.0,1.0,6.2,Japan,S. OF HONSHU ISLAND,31.959,141.878,,,,,
1997,October,4.0,1.0,7.7,Tonga,TONGA ISLANDS,-22.1,-176.77,,,,,
1997,December,4.0,1.0,7.8,Russian Federation,KAMCHATKA,54.841,162.035,0.5,,,,
1998,May,4.0,1.0,7.5,"Taiwan, Province of China",TAIWAN:  SOUTHEAST OF,22.306,125.308,,,,,
1998,May,4.0,1.0,6.2,Japan,SANRIKU,39.027,143.441,,,,,
1999,August,4.0,1.0,7.6,Turkey,"KOCAELI, TURKEY",40.76,29.97,,17118.0,20000.0,,50000.0
1999,November,4.0,1.0,7.5,Vanuatu,VANUATU ISLANDS,-16.423,168.214,,10.0,,,100.0
2000,May,4.0,1.0,7.6,Indonesia,SULAWESI,-1.105,123.573,,46.0,30.0,10000.0,264.0
2000,June,4.0,1.0,7.9,Australia,SOUTH INDIAN OCEAN,-13.802,97.453,,,,,
2000,July,4.0,1.0,6.1,Japan,"KOZU-SHIMA ISLAND, HONSHU",34.221,139.131,,1.0,,,
2000,July,4.0,1.0,6.1,Japan,HONSHU: S COAST,34.319,139.26,,,,,10.0
2000,July,4.0,1.0,6.5,Japan,HONSHU: S COAST,33.901,139.376,,,,,1.0
2000,November,4.0,1.0,8.0,Papua New Guinea,BISMARCK SEA,-4.001,152.327,,2.0,,,
2001,June,4.0,1.0,8.4,Peru,S. PERU,-16.265,-73.641,,103.0,200.0,25399.0,2713.0
2001,October,4.0,1.0,6.1,Canada,QUEEN CHARLOTTE ISLANDS,52.63,-132.2,,,,,
2001,December,4.0,1.0,6.8,"Taiwan, Province of China",TAIWAN,23.954,122.734,,,,,
2002,January,4.0,1.0,7.2,Vanuatu,VANUATU ISLANDS,-17.6,167.856,-4.14,,,,
2002,March,4.0,1.0,7.5,Philippines,"MINDANAO ISLAND, PHILIPPINES",6.033,124.249,,15.0,1.714,,100.0
2002,March,4.0,1.0,7.1,"Taiwan, Province of China",TAIWAN,24.279,122.179,,5.0,,100.0,200.0
2002,September,4.0,1.0,7.6,Papua New Guinea,BISMARCK SEA,-3.26,142.94,1.08,4.0,,,70.0
2002,September,4.0,1.0,6.5,India,"ANDAMAN ISLANDS, INDIA",13.036,93.068,,2.0,,40.0,
2003,January,4.0,1.0,7.3,Solomon Islands,SOLOMON ISLANDS,-10.491,160.77,,,,,
2003,January,4.0,1.0,7.5,Mexico,S. MEXICO,18.77,-104.104,0.5,29.0,,2005.0,300.0
2003,May,4.0,1.0,6.8,Algeria,N. ALGERIA,36.964,3.634,1.5,2287.0,5000.0,19000.0,11000.0
2003,May,4.0,1.0,5.7,Algeria,ALGIERS,36.939,3.578,,9.0,,,200.0
2003,August,4.0,1.0,7.6,Antarctica,SCOTIA SEA,-60.532,-43.411,,,,,
2003,September,4.0,1.0,8.3,Japan,HOKKAIDO ISLAND,41.815,143.91,,2.0,90.0,,849.0
2003,October,4.0,1.0,7.0,Japan,E. HONSHU ISLAND,37.812,142.619,,,,,
2003,November,4.0,1.0,7.8,United States,"RAT ISLANDS, ALEUTIAN ISLANDS, AK",51.146,178.65,,,,,
2003,December,4.0,1.0,7.3,New Caledonia,LOYALTY ISLANDS,-22.015,169.766,,,,,
2004,January,4.0,1.0,6.7,Indonesia,SERAM ISLAND,-3.12,127.4,,,,,
2004,February,4.0,1.0,5.3,Jordan,DEAD SEA,31.675,35.551,,,,,4.0
2004,September,4.0,1.0,7.2,Japan,SOUTH COAST HONSHU ISLAND,33.07,136.618,,,,,4.0
2004,September,4.0,1.0,7.4,Japan,SOUTH COAST HONSHU ISLAND,33.184,137.071,,,,,40.0
2004,November,4.0,1.0,6.6,Canada,VANCOUVER ISLAND,49.277,-128.772,,,,,
2004,November,4.0,1.0,7.5,Indonesia,KEPULAUAN ALOR,-8.152,124.868,,34.0,,781.0,400.0
2004,November,4.0,1.0,6.3,Guadeloupe (French Territory),"BASSE-TERRE, LES SAINTES",15.679,-61.706,,1.0,,,12.0
2004,November,4.0,1.0,7.1,New Zealand,PUYSEGUR TRENCH,-46.676,164.721,,,,,
2004,November,4.0,1.0,7.0,Japan,HOKKAIDO ISLAND,43.006,145.119,,,,,24.0
2004,December,4.0,1.0,8.1,Australia,MACQUARIE ISLAND,-49.312,161.345,,,,,
2004,December,4.0,1.0,9.1,Indonesia,OFF W. COAST OF SUMATRA,3.316,95.854,,227899.0,10000.0,,
2005,January,4.0,1.0,6.6,Japan,E. HONSHU ISLAND,34.064,141.491,,,,,
2005,March,4.0,1.0,8.6,Indonesia,INDONESIA,2.085,97.108,,1313.0,,300.0,340.0
2005,April,4.0,1.0,6.7,Indonesia,KEPULAUAN MENTAWAI,-1.644,99.607,,,,,
2005,June,4.0,1.0,7.2,United States,N. CALIFORNIA,41.301,-125.97,,,,,
2005,August,4.0,1.0,7.2,Japan,E. COAST HONSHU ISLAND,38.276,142.039,,,,1.0,56.0
2005,November,4.0,1.0,7.0,Japan,E. COAST HONSHU ISLAND,38.107,144.896,,,,,
2006,March,4.0,1.0,6.7,Indonesia,SERAM ISLAND,-3.595,127.214,,4.0,1.0,241.0,
2006,May,4.0,1.0,8.0,Tonga,TONGA,-20.187,-174.123,,,,,1.0
2006,July,4.0,1.0,7.7,Indonesia,SOUTH OF JAVA,-9.254,107.411,,802.0,55.0,1623.0,498.0
2006,September,4.0,1.0,6.9,Samoa,SAMOA ISLANDS,-16.592,-172.033,,,,,
2006,October,4.0,1.0,6.7,United States,HAWAII,19.878,-155.935,,,,,
2006,November,4.0,1.0,5.2,"Taiwan, Province of China",SOUTH CHINA SEA,20.656,119.997,,,,,
2006,November,4.0,1.0,8.3,Russian Federation,S. KURIL ISLANDS,46.592,153.266,,,,,1.0
2006,December,4.0,1.0,7.0,"Taiwan, Province of China",TAIWAN,21.799,120.547,,2.0,,,40.0
2007,January,4.0,1.0,8.1,Russian Federation,S. KURIL ISLANDS,46.243,154.524,,,,,
2007,March,4.0,1.0,7.1,Vanuatu,VANUATU ISLANDS,-20.617,169.357,,,,,
2007,March,4.0,1.0,6.7,Japan,HONSHU: W COAST,37.336,136.588,,1.0,,513.0,150.0
2007,April,4.0,1.0,8.1,Solomon Islands,SOLOMON ISLANDS,-8.46,157.044,,52.0,,2500.0,
2007,July,4.0,1.0,6.6,Japan,HONSHU: W COAST,37.57,138.478,,9.0,,875.0,1088.0
2007,August,4.0,1.0,6.2,Russian Federation,TATAR STRAIT,47.116,141.798,,2.0,,11.0,12.0
2007,August,4.0,1.0,6.7,United States,"ALEUTIAN ISLANDS, AK",51.307,-179.971,,,,,
2007,August,4.0,1.0,8.0,Peru,S. PERU,-13.386,-76.603,,514.0,,52154.0,1090.0
2007,September,4.0,1.0,7.2,Solomon Islands,SANTA CRUZ ISLANDS,-11.61,165.762,,,,,
2007,September,4.0,1.0,8.4,Indonesia,SUMATRA,-4.438,101.367,,25.0,,56425.0,161.0
2007,September,4.0,1.0,7.4,New Zealand,AUCKLAND ISLANDS,-49.418,163.954,,,,,
2007,November,4.0,1.0,7.7,Chile,NORTHERN CHILE,-22.247,-69.89,,2.0,,,65.0
2007,December,4.0,1.0,7.8,Kermadec Islands,KERMADEC ISLANDS,-25.996,-177.514,,,,,
2008,February,4.0,1.0,6.5,Indonesia,SUMATRA,-2.486,99.972,,,,,
2008,April,4.0,1.0,7.3,New Caledonia,LOYALTY ISLANDS,-20.071,168.892,,,,,
2008,July,4.0,1.0,6.9,Japan,OFF EAST COAST OF HONSHU ISLAND,37.552,142.214,,,,,
2008,September,4.0,1.0,6.8,Japan,HOKKAIDO ISLAND,41.892,143.754,,6.0,,,77.0
2008,November,4.0,1.0,7.3,Indonesia,SULAWESI,1.271,122.091,,6.0,,,77.0
2009,January,4.0,1.0,7.6,Indonesia,NEAR NORTH COAST,-0.414,132.885,,5.0,,,250.0
2009,January,4.0,1.0,7.4,Russian Federation,KAMCHATKA,46.857,155.154,,,,,
2009,February,4.0,1.0,7.2,Indonesia,CELEBES SEA,3.884,126.397,,,,,64.0
2009,March,4.0,1.0,7.6,Tonga,TONGA,-23.046,-174.659,,,,,
2009,May,4.0,1.0,7.3,Honduras,OFF COAST OF HONDURAS,16.72,-86.236,,7.0,,135.0,40.0
2009,July,4.0,1.0,6.4,Greece,CRETE,34.164,25.471,,,,,
2009,July,4.0,1.0,7.8,New Zealand,OFF WEST COAST OF SOUTH ISLAND,-45.762,166.562,,,,,
2009,August,4.0,1.0,6.4,Japan,HONSHU: S COAST,34.743,138.264,,1.0,,5192.0,123.0
2009,August,4.0,1.0,6.7,Indonesia,SUMATRA,-1.479,99.49,,,,,9.0
2009,September,4.0,1.0,7.0,Indonesia,JAVA SEA,-7.782,107.297,,81.0,,,1297.0
2009,September,4.0,1.0,8.1,Samoa,SAMOA ISLANDS,-15.489,-172.095,,192.0,285.0,,7.0
2009,September,4.0,1.0,7.5,Indonesia,SUMATRA,-0.72,99.867,,1117.0,2200.0,,1214.0
2009,October,4.0,1.0,7.6,Vanuatu,VANUATU ISLANDS,-13.006,166.51,,,,,
2010,January,4.0,1.0,6.6,Solomon Islands,SOLOMON ISLANDS,-8.743,157.477,,,,,
2010,January,4.0,1.0,7.1,Solomon Islands,SOLOMON ISLANDS,-8.799,157.346,,,,16.0,
2010,January,4.0,1.0,6.8,Solomon Islands,SOLOMON ISLANDS,-9.019,157.551,,,,,
2010,February,4.0,1.0,8.8,Chile,CENTRAL CHILE,-36.122,-72.898,,558.0,30000.0,,12000.0
2010,March,4.0,1.0,6.9,Chile,CENTRAL CHILE,-34.29,-71.891,,,,,
2010,April,4.0,1.0,7.8,Indonesia,SUMATRA,2.383,97.048,,,,,
2010,June,4.0,1.0,7.5,India,LITTLE NICOBAR ISLAND,7.881,91.936,,,,,
2010,August,4.0,1.0,7.2,Vanuatu,VANUATU ISLANDS,-17.541,168.069,,,,,
2010,August,4.0,1.0,6.9,Usa Territory,"GUAM, MARIANA ISLANDS",12.484,141.476,,,,,
2010,October,4.0,1.0,7.8,Indonesia,SUMATRA,-3.487,100.082,,431.0,39.0,700.0,
2010,December,4.0,1.0,7.4,Japan,BONIN ISLANDS,26.901,143.698,,,,,
2010,December,4.0,1.0,7.3,Vanuatu,VANUATU ISLANDS,-19.702,167.947,,,,,4.0
2011,January,4.0,1.0,6.5,Vanuatu,VANUATU ISLANDS,-19.157,168.311,,,,,
2011,February,4.0,1.0,6.8,Chile,CENTRAL CHILE,-36.474,-73.125,,,,,
2011,March,4.0,1.0,7.5,Japan,HONSHU ISLAND,38.435,142.842,,,,,
2011,March,4.0,1.0,9.1,Japan,HONSHU ISLAND,38.297,142.372,,18428.0,220136.6,123661.0,6167.0
2011,April,4.0,1.0,7.1,Japan,E. COAST HONSHU ISLAND,38.276,141.588,,3.0,,,132.0
2011,May,4.0,1.0,6.8,New Caledonia,LOYALTY ISLANDS,-20.244,168.226,,,,,
2011,June,4.0,1.0,7.3,United States,"ATKA, ALEUTIAN ISLANDS, AK",52.05,-171.836,,,,,
2011,July,4.0,1.0,7.6,New Zealand,KERMADEC ISLANDS,-29.539,-176.34,,,,,
2011,July,4.0,1.0,7.0,Japan,OFF EAST COAST OF HONSHU ISLAND,38.034,143.264,,,,,
2011,August,4.0,1.0,7.1,Vanuatu,VANUATU ISLANDS,-18.365,168.143,,,,,
2011,August,4.0,1.0,7.0,Vanuatu,VANUATU ISLANDS,-18.311,168.218,,,,,
2011,September,4.0,1.0,6.8,United States,"FOX ISLANDS, ALEUTIAN ISLANDS, AK",52.171,-171.708,,,,,
2011,October,4.0,1.0,7.4,New Zealand,KERMADEC ISLANDS,-28.993,-176.238,,,,,
2012,February,4.0,1.0,7.0,Vanuatu,VANUATU ISLANDS,-17.827,167.133,,,,,
2012,March,4.0,1.0,6.7,Vanuatu,OFF EAST COAST OF VANUATU,-19.125,169.613,,,,,
2012,March,4.0,1.0,6.9,Japan,HOKKAIDO ISLAND,40.887,144.944,,,,,
2012,March,4.0,1.0,7.4,Mexico,S. MEXICO,16.493,-98.231,,2.0,600.0,800.0,13.0
2012,April,4.0,1.0,8.6,Indonesia,OFF W. COAST OF N SUMATRA,2.327,93.063,,10.0,,,12.0
2012,April,4.0,1.0,8.2,Indonesia,OFF W. COAST OF N SUMATRA,0.802,92.463,,,,,
2012,April,4.0,1.0,6.3,Vanuatu,VANUATU ISLANDS,-18.972,168.741,,,,,
2012,August,4.0,1.0,7.3,El Salvador,EL SALVADOR-NICARAGUA,12.139,-88.59,,,,,40.0
2012,August,4.0,1.0,7.6,Philippines,PHILIPPINE ISLANDS,10.811,126.638,,1.0,0.3,,1.0
2012,September,4.0,1.0,7.6,Costa Rica,COSTA RICA,10.085,-85.315,,2.0,,,20.0
2012,October,4.0,1.0,7.7,Canada,BRITISH COLUMBIA,52.788,-132.101,,1.0,,,
2012,November,4.0,1.0,7.3,Guatemala,GUATEMALA,13.988,-91.895,,48.0,210.0,2769.0,155.0
2012,December,4.0,1.0,7.2,Japan,OFF EAST COAST OF HONSHU ISLAND,37.89,143.949,,,,,11.0
2013,January,4.0,1.0,7.5,United States,"SE. ALASKA, AK",55.393,-134.652,,,,,
2013,February,4.0,1.0,7.9,Solomon Islands,SANTA CRUZ ISLANDS,-10.766,165.114,,10.0,36.0,588.0,15.0
2013,February,4.0,1.0,7.0,Solomon Islands,SANTA CRUZ ISLANDS,-10.928,166.018,,,,,
2013,July,4.0,1.0,6.5,New Zealand,COOK STRAIT,-41.704,174.337,,,,,5.0
2013,August,4.0,1.0,6.5,New Zealand,WELLINGTON,-41.731,174.027,,,,,
2013,October,4.0,1.0,6.6,Greece,CRETE,35.514,23.252,,,,,1.0
2013,October,4.0,1.0,7.1,Japan,E. COAST HONSHU ISLAND,37.2,144.6,,,,,1.0
2013,November,4.0,1.0,7.7,Antarctica,SCOTIA SEA,-60.274,-46.401,,,,,
2014,March,4.0,1.0,6.7,Chile,NORTHERN CHILE,-19.965,-70.814,,,,,
2014,April,4.0,1.0,8.2,Chile,NORTHERN CHILE,-19.61,-70.769,,7.0,100.0,,
2014,April,4.0,1.0,7.7,Chile,NORTHERN CHILE,-20.571,-70.493,,,,,
2014,April,4.0,1.0,7.6,Solomon Islands,SOLOMON ISLANDS,-11.27,162.148,,,,,
2014,April,4.0,1.0,7.4,Solomon Islands,SOLOMON ISLANDS,-11.463,162.051,,,,,
2014,April,4.0,1.0,7.2,Mexico,S. MEXICO,17.397,-100.972,,,,,
2014,April,4.0,1.0,7.5,Papua New Guinea,SOLOMON SEA,-6.755,155.024,,,,,
2014,May,4.0,1.0,6.9,Greece,NORTH AEGEAN SEA,40.24,25.33,,3.0,4500.0,,310.0
2014,June,4.0,1.0,6.9,New Zealand,"S OF RAOUL ISLAND, KERMADEC ISLANDS",-29.977,-177.725,,,,,
2014,June,4.0,1.0,7.9,United States,"ALEUTIAN ISLANDS, AK",51.849,178.735,,,,,
2014,July,4.0,1.0,6.5,Japan,SANRIKU,37.005,142.453,,,,,
2014,July,4.0,1.0,6.1,United States,"PALMA BAY, AK",58.306,-136.96,,,,,
2014,October,4.0,1.0,7.0,Chile,EASTER ISLAND REGION,-32.108,-110.811,,,,,
2014,October,4.0,1.0,7.3,El Salvador,GULF OF FONSECA,12.526,-88.123,,1.0,,5.0,
2015,February,4.0,1.0,6.7,Japan,HONSHU,39.856,142.881,,,,,
2015,February,4.0,1.0,6.4,Vanuatu,VANUATU ISLANDS,-16.431,168.148,,,,,
2015,March,4.0,1.0,7.5,Papua New Guinea,BISMARCK SEA,-4.729,152.562,,,,,
2015,July,4.0,1.0,6.7,Solomon Islands,SOLOMON ISLANDS,-9.307,158.403,,,,,
2015,July,4.0,1.0,7.0,Solomon Islands,SANTA CRUZ ISLANDS,-10.401,165.141,,,,,
2015,July,4.0,1.0,6.9,United States,"FOX ISLANDS, ALEUTIAN ISLANDS, AK",52.214,-169.399,,,,,
2015,September,4.0,1.0,8.3,Chile,CENTRAL CHILE,-31.573,-71.674,,15.0,600.0,2305.0,14.0
2015,November,4.0,1.0,6.9,Chile,CENTRAL CHILE,-29.46,-72.12,,,,,
2015,November,4.0,1.0,6.7,Japan,JAPAN,31.001,128.873,,,,,
2015,November,4.0,1.0,6.8,Solomon Islands,SOLOMON ISLANDS,-8.899,158.422,,,,,
2016,January,4.0,1.0,6.3,Morocco,MOROCCO,35.649,-3.682,,1.0,,,26.0
2016,March,4.0,1.0,7.8,Indonesia,SW. SUMATRA,-4.952,94.33,,,,,
2016,April,4.0,1.0,7.8,Ecuador,OFF COAST,0.35,-80.16,,663.0,3300.0,6998.0,6274.0
2016,August,4.0,1.0,7.2,New Caledonia,LOYALTY ISLANDS,-22.477,173.117,,,,,
2016,August,4.0,1.0,6.0,Japan,SANRIKU,40.394,143.68,,,,,
2016,September,4.0,1.0,7.0,New Zealand,GISBORNE,-37.359,179.146,,,,,
2016,November,4.0,1.0,7.8,New Zealand,OFF EAST COAST OF SOUTH ISLAND,-42.737,173.054,,2.0,3900.0,1.0,
2016,November,4.0,1.0,6.9,Japan,E. COAST HONSHU ISLAND,37.393,141.387,,,,,
2016,November,4.0,1.0,6.9,Nicaragua,NICARAGUA,11.96,-88.835,,,,,
2016,December,4.0,1.0,7.8,Solomon Islands,SOLOMON ISLANDS,-10.681,161.327,,1.0,,191.0,
2016,December,4.0,1.0,6.9,Solomon Islands,SOLOMON ISLANDS,-10.749,161.132,,,,,
2016,December,4.0,1.0,7.9,Papua New Guinea,SOLOMON SEA,-4.505,153.522,,,,,
2016,December,4.0,1.0,7.6,Chile,SOUTHERN CHILE,-43.517,-74.391,,,,,
2017,January,4.0,1.0,6.9,Fiji,FIJI ISLANDS,-19.373,176.052,,,,,
2017,January,4.0,1.0,7.9,Papua New Guinea,BOUGAINVILLE ISLAND,-6.246,155.172,,3.0,,,
2017,April,4.0,1.0,6.9,Chile,CENTRAL CHILE,-33.038,-72.062,,,,,
2017,April,4.0,1.0,6.9,Philippines,"SOCCSKSARGEN, PHILIPPINES",5.504,125.066,,,,1.0,7.0
2017,May,4.0,1.0,6.2,United States,"SKAGWAY, AK",59.852,-136.677,,,,,
2017,June,4.0,1.0,6.3,Greece,LESBOS,38.93,26.365,,1.0,,10.0,15.0
2017,July,4.0,1.0,7.7,Russian Federation,BERING ISLAND,54.443,168.857,,,,,
2017,July,4.0,1.0,6.6,Turkey,GULF OF GÃ–KOVA,36.929,27.414,,2.0,,,500.0
2017,September,4.0,1.0,8.2,Mexico,S. MEXICO,14.761,-94.103,,98.0,4000.0,47468.0,251.0
2017,October,4.0,1.0,6.7,New Caledonia,LOYALTY ISLANDS,-21.697,169.149,,,,,
2017,November,4.0,1.0,6.6,New Caledonia,LOYALTY ISLANDS,-21.648,168.859,,,,,
2017,November,4.0,1.0,6.3,New Caledonia,LOYALTY ISLANDS,-21.638,168.673,,,,,
2017,November,4.0,1.0,6.6,New Caledonia,LOYALTY ISLANDS,-21.503,168.598,,,,,
2017,November,4.0,1.0,7.0,New Caledonia,LOYALTY ISLANDS,-21.325,168.672,,,,,
2018,January,4.0,1.0,7.5,Honduras,OFF COAST OF HONDURAS,17.483,-83.52,,,,,
2018,January,4.0,1.0,7.1,Peru,S. PERU,-15.982,-74.512,,,,,
2018,January,4.0,1.0,7.9,United States,"KODIAK ISLAND, AK",56.004,-149.166,,,,,
2018,May,4.0,1.0,5.4,Japan,S. OF HONSHU ISLAND,31.444,140.193,,,,,
2018,August,4.0,1.0,6.9,Indonesia,BALI SEA,-8.258,116.438,,560.0,509.0,,7733.0
2018,August,4.0,1.0,8.2,Fiji,FIJI ISLANDS,-18.113,-178.153,,,,,
2018,August,4.0,1.0,7.1,New Caledonia,LOYALTY ISLANDS,-22.03,170.126,,,,,
2018,October,4.0,1.0,6.5,New Caledonia,LOYALTY ISLANDS,-21.743,169.522,,,,,
2018,October,4.0,1.0,6.8,Greece,IONIAN SEA,37.52,20.557,,,,,3.0
2018,December,4.0,1.0,7.5,New Caledonia,LOYALTY ISLANDS,-21.95,169.427,,,,,
2019,June,4.0,1.0,6.4,Chile,CENTRAL CHILE,-30.056,-72.082,,,,,
2019,June,4.0,1.0,7.2,New Zealand,"S OF RAOUL ISLAND, KERMADEC ISLANDS",-30.805,-178.095,,,,,
2019,June,4.0,1.0,6.4,Japan,NIIGATA,38.646,139.472,,,,,28.0
2019,November,4.0,1.0,7.1,Indonesia,N. MOLUCCAS ISLANDS,1.6,126.416,,1.0,,,3.0
2020,January,4.0,1.0,6.4,Usa Territory,PUERTO RICO,17.916,-66.813,,4.0,800.0,300.0,
2020,January,4.0,1.0,7.7,Cuba,OFF SE COAST,19.44,-78.755,,,,1.0,
2020,March,4.0,1.0,7.5,Russian Federation,N. KURIL ISLANDS,48.986,157.693,,,,,
2020,May,4.0,1.0,6.6,Greece,CRETE,34.205,25.712,,,,,
2020,June,4.0,1.0,7.4,New Zealand,"S OF RAOUL ISLAND, KERMADEC ISLANDS",-33.294,-177.838,,,,,
2020,June,4.0,1.0,7.4,Mexico,OFF OF COAST OF OAXACA,16.029,-95.901,,10.0,,,24.0
2020,July,4.0,1.0,7.8,United States,"SHUMAGIN ISLANDS, AK",55.03,-158.522,,,,,
2020,October,4.0,1.0,7.6,United States,"SHUMAGIN ISLANDS, AK",54.608,-159.655,,,,,
2020,October,4.0,1.0,7.0,Turkey,AEGEAN SEA,37.918,26.79,,118.0,400.0,,1054.0
2020,December,4.0,1.0,6.7,Chile,CENTRAL CHILE,-39.343,-74.99,,,,,
2021,January,4.0,1.0,6.9,Antarctica,SCOTIA SEA,-61.825,-55.494,,,,,
2021,February,4.0,1.0,7.7,New Caledonia,LOYALTY ISLANDS,-23.054,171.601,,,,,
2021,February,4.0,1.0,7.1,Japan,OFF FUKUSHIMA PREFECTURE,37.745,141.749,,1.0,7700.0,798.0,186.0
2021,March,4.0,1.0,7.3,New Zealand,GISBORNE,-37.563,179.444,,,,,
2021,March,4.0,1.0,7.4,New Zealand,"S OF RAOUL ISLAND, KERMADEC ISLANDS",-29.613,-177.843,,,,,
2021,March,4.0,1.0,8.1,New Zealand,"S OF RAOUL ISLAND, KERMADEC ISLANDS",-29.74,-177.267,,,,,
2021,March,4.0,1.0,6.0,Algeria,N. ALGERIA,36.915,5.199,,,,,17.0
2021,July,4.0,1.0,8.2,United States,"KODIAK ISLAND, AK",55.325,-157.841,,,,,
2021,August,4.0,1.0,7.1,Philippines,"MINDANAO ISLAND, PHILIPPINES",6.455,126.742,,1.0,,,
2021,August,4.0,1.0,8.1,Uk Territory,SOUTHERN ATLANTIC OCEAN,-58.416,-25.321,,,,,
2021,August,4.0,1.0,7.2,Haiti,PORT-AU-PRINCE,18.408,-73.475,,2248.0,1600.0,53815.0,12763.0
2021,September,4.0,1.0,7.0,Mexico,S. MEXICO,16.982,-99.773,,3.0,200.0,,
2021,December,4.0,1.0,7.3,Indonesia,FLORES SEA,-7.603,122.2,,,,41.0,1.0
2022,January,4.0,1.0,6.5,New Zealand,KERMADEC ISLANDS,-29.531,-176.749,,,,,
